mpg,cylinders,displacement,horsepower,weight,acceleration,model_year,origin,name
3.273.684.321.106.820,4,29.030.782.607.955.200,23.832.003.922.721.100,210.655.550.465.031,1.957.122.241.224.460,82,1,car_0
17.390.739.666.643.200,6,41.264.024.340.224.200,250.0,3.206.695.135.704.040,12.747.484.425.213.700,82,3,car_1
22.143.520.049.337.900,4,3.118.043.371.903.270,24.856.101.594.273.700,25.179.686.224.633.000,19.855.199.149.448.000,79,2,car_2
13.036.640.908.128.500,8,4.871.465.058.235.340,250.0,39.780.483.305.847.700,13.870.426.204.114.100,72,1,car_3
2.960.550.057.789.820,4,2.539.749.697.940.990,250.0,2.272.607.569.921.350,18.468.932.803.833.200,79,1,car_4
1.319.761.894.258.880,6,47.788.630.571.186.800,250.0,3.871.286.225.603.300,16.366.520.697.510.100,79,2,car_5
18.039.636.193.777.500,6,43.322.773.870.365.600,250.0,33.709.279.637.098.700,20.611.044.020.023.900,73,1,car_6
3.685.665.303.841.230,4,20.587.492.418.774.500,2.110.820.636.829.380,1500.0,19.726.390.086.101.000,80,1,car_7
3.377.476.953.862.160,4,21.623.236.274.536.000,1.971.187.454.182.590,17.887.562.781.242.000,16.913.938.157.954.200,82,1,car_8
16.388.511.057.086.000,6,500.0,250.0,39.765.258.438.484.300,1.760.225.227.278.400,74,3,car_9
1.309.117.004.600.370,6,46.851.429.625.920.200,250.0,3.731.250.921.270.780,2.319.598.879.639.210,77,1,car_10
2.751.071.736.981.020,6,33.198.408.524.798.200,15.850.422.097.113.300,27.083.785.854.134.800,20.011.990.178.447.000,81,1,car_11
29.446.712.607.142.200,6,2.861.209.149.395.940,22.423.802.569.701.100,23.928.451.357.657.000,17.929.653.823.033.200,73,3,car_12
28.059.627.217.375,4,32.108.253.964.912.800,250.0,2.622.607.362.020.320,15.376.553.723.965.700,82,1,car_13
1.900.197.574.949.600,8,39.886.855.755.003.000,250.0,31.568.448.397.513.000,1.549.368.065.842.550,73,2,car_14
3.429.307.782.271.270,4,293.105.309.517.631,21.088.103.592.381.100,21.845.661.153.323.600,20.355.412.649.573.300,82,1,car_15
2.477.143.048.177.570,6,34.631.216.440.116.400,250.0,264.794.036.143.411,1.519.465.192.160.080,73,3,car_16
10.478.737.426.608.100,8,500.0,250.0,4.169.651.965.025.080,1.633.841.431.821.230,79,1,car_17
1.759.491.894.094.290,8,500.0,250.0,3.915.282.752.320.650,20.897.573.984.697.500,76,1,car_18
3.127.373.877.048.930,4,2.709.409.691.454.850,250.0,18.983.191.946.763.900,1.905.285.798.439.450,74,1,car_19
28.022.566.110.496.200,4,31.062.910.109.079.400,22.567.394.067.724.600,27.169.477.450.288.000,14.545.656.881.078.900,75,3,car_20
32.131.316.305.960.400,6,31.231.209.810.812.500,250.0,231.002.108.641.884,24.723.522.471.598.900,72,3,car_21
31.820.673.762.799.800,4,28.368.902.736.480.100,2.096.151.448.667.590,2.276.561.639.679.810,23.510.783.254.157.900,78,1,car_22
14.466.381.581.242.300,6,45.971.831.491.094.700,250.0,3.775.979.136.329.460,1.822.755.053.880.780,82,1,car_23
28.408.451.602.577.600,6,3.689.921.466.756.520,250.0,2.952.580.848.512.770,2.137.468.538.550.440,77,1,car_24
3.463.264.725.637.860,4,28.736.268.811.244.900,250.0,1.803.273.925.757.290,1.789.578.703.083.970,73,1,car_25
36.495.803.051.225.900,4,22.920.738.241.851.300,16.656.080.373.871.700,19.117.566.586.694.500,207.616.067.743.269,78,1,car_26
1.999.056.144.732.280,6,3.646.899.389.716.560,250.0,3.182.812.161.798.330,1.604.656.842.265.940,75,3,car_27
27.345.366.758.625.300,6,3.015.160.517.509.230,24.593.297.629.167.800,25.694.348.596.073.500,13.864.320.050.527.700,81,1,car_28
382.966.845.648.721,4,26.497.703.492.721.400,24.544.785.172.359.500,16.950.174.830.186.100,2.658.075.034.950.340,73,3,car_29
2.536.457.379.590.120,4,3.009.262.248.010.210,1.919.525.407.244.550,2.832.858.663.008.710,13.447.527.137.121.300,76,1,car_30
25.023.834.141.876.100,4,31.245.678.511.041.400,250.0,22.344.839.704.964.500,1.915.819.042.267.720,76,3,car_31
1.610.278.048.259.510,6,4.984.747.986.716.990,250.0,377.211.449.744.469,17.585.515.558.089.800,81,1,car_32
18.481.661.418.076.700,6,374.984.341.150.958,250.0,31.562.502.479.151.200,18.891.766.504.653.400,71,1,car_33
29.879.276.895.592.200,8,31.722.884.010.737.300,19.304.746.996.437.200,2.628.399.011.037.450,17.602.548.190.387.000,78,3,car_34
1.773.822.524.085.000,8,43.322.240.899.191.900,250.0,3.481.846.292.983.310,16.780.404.177.332.300,80,1,car_35
200.074.466.994.227,6,45.211.423.179.061.200,250.0,3.503.032.605.885.600,1.741.220.259.428.530,74,3,car_36
8.0,8,500.0,250.0,4.266.171.345.645.960,17.673.434.098.376.300,76,3,car_37
26.924.197.357.594.100,4,32.208.789.800.665.700,20.831.231.642.169.000,256.883.801.401.693,1.792.571.290.169.230,73,3,car_38
14.941.543.954.265.700,6,500.0,250.0,36.868.365.980.750.800,16.608.079.964.450.200,75,3,car_39
16.400.756.171.411.900,6,3.743.617.302.761.040,250.0,3.241.353.832.204.520,13.295.316.338.977.300,82,1,car_40
3.075.814.966.041.680,6,30.327.288.594.296.500,250.0,24.700.400.861.371.600,2.407.100.732.295.490,74,1,car_41
2.425.083.161.846.170,6,29.646.473.962.430.900,1.986.139.502.246.400,25.947.192.584.520.600,19.512.378.189.455.000,72,2,car_42
3.588.000.808.542.580,4,22.922.723.390.759.900,250.0,19.483.275.959.519.500,19.178.392.687.960.500,77,1,car_43
891.775.070.427.276,8,500.0,250.0,4.478.324.549.241.130,14.148.273.567.740.000,76,2,car_44
13.719.737.314.974.000,8,48.703.793.622.191.600,250.0,38.343.094.354.168.800,13.654.847.986.033.500,80,1,car_45
29.643.417.292.755.300,8,3.203.869.521.562.050,19.387.434.745.642.400,256.631.426.551.389,2.051.364.507.862.870,70,2,car_46
29.668.168.917.658.300,4,27.783.128.769.059.800,250.0,23.666.164.303.167.400,1.765.379.641.442.960,81,1,car_47
1.730.343.248.784.740,8,4.360.385.288.102.610,250.0,34.275.497.733.207.500,1.893.564.398.039.790,79,1,car_48
2.603.621.982.924.110,6,3.207.984.911.124.710,250.0,2.726.915.470.665.830,13.716.634.128.230.700,80,3,car_49
3.209.846.824.103.780,6,3.579.044.801.179.600,23.839.859.342.644.000,22.737.532.277.461.400,22.866.811.304.183.700,75,3,car_50
30.207.449.149.248.100,4,2.653.290.082.216.730,21.700.299.850.389.000,2.108.075.414.608.250,21.096.056.891.620.000,75,1,car_51
266.762.228.185.192,6,3.384.406.187.457.830,250.0,2.686.926.456.232.970,175.698.854.654.731,74,1,car_52
18.263.994.139.427.000,6,35.010.779.433.663.800,250.0,2.773.019.311.995.470,19.129.856.943.273.200,80,2,car_53
2.133.221.085.093.190,6,3.544.705.412.041.850,250.0,26.603.789.399.317.900,20.062.634.138.672.600,70,1,car_54
15.637.469.521.655.000,8,45.752.001.787.679.300,250.0,38.413.847.107.236.000,12.647.673.638.032.900,76,2,car_55
23.784.652.175.495.100,4,360.995.804.905.478,250.0,27.870.774.744.894.300,22.746.403.199.674.300,73,3,car_56
21.742.789.439.417.800,6,35.403.832.911.505.400,250.0,2.872.361.512.934.830,1.907.742.148.131.400,78,1,car_57
3.606.175.726.072.510,4,2.268.934.511.027.620,19.161.767.488.633.900,18.077.148.808.792.200,1.657.997.825.652.260,82,1,car_58
31.061.459.584.863.600,4,24.616.103.703.417.900,24.516.832.998.362.800,20.693.611.378.441.900,15.140.863.892.162.100,78,1,car_59
26.727.064.806.349.500,4,28.500.988.765.439.100,179.956.769.631.964,25.662.712.610.159.000,20.895.021.963.136.200,70,1,car_60
25.636.034.843.496.700,4,3.097.130.303.620.080,17.530.308.290.941.700,2.516.725.013.938.740,1.861.675.257.774.220,75,2,car_61
252.847.207.982.888,4,2.610.743.596.812.390,24.953.808.992.050.500,22.568.742.827.262.100,1.969.092.842.607.000,70,1,car_62
35.452.988.106.049.600,4,2.632.354.092.549.180,1.728.473.257.675.750,21.348.573.084.072.600,18.445.136.355.261.500,76,3,car_63
30.983.509.944.107.700,4,2.850.733.513.931.740,21.287.964.836.993.200,21.793.851.723.600.900,15.312.383.760.111.700,72,2,car_64
22.025.984.625.005.700,6,4.157.625.466.618.920,250.0,32.977.888.659.831.500,18.728.064.503.801.100,79,1,car_65
30.021.050.502.810.100,4,29.196.753.495.228.800,20.823.353.507.815.900,22.790.318.033.337.400,17.628.362.779.214.800,76,2,car_66
3.628.043.175.027.530,4,244.236.401.086.672,13.705.855.934.034.000,2.067.523.635.077.280,183.674.029.854.433,74,1,car_67
3.251.490.358.577.840,4,2.661.703.301.142.160,1.901.551.605.819.840,21.506.930.493.675.600,25.480.315.067.749.100,81,1,car_68
30.107.651.402.398.700,4,3.021.499.323.109.120,250.0,22.583.465.419.749.000,20.848.860.871.319.200,79,2,car_69
31.307.880.867.225.700,4,2.833.976.289.909.620,226.560.845.608.371,22.227.885.791.050.500,21.057.506.150.168.700,78,1,car_70
14.617.566.506.073.400,8,500.0,250.0,3.694.816.660.184.780,2.496.675.272.212.780,74,1,car_71
22.663.443.485.866.600,6,34.164.636.386.544.300,250.0,2.696.250.273.193.460,18.957.471.343.346.800,73,1,car_72
41.833.608.335.958.400,4,17.159.607.662.656.200,1.733.907.009.325.260,1500.0,1.935.912.260.934.790,77,1,car_73
27.825.120.257.670.800,6,31.934.504.396.586.200,23.514.156.015.894.800,29.164.499.918.040.800,1.554.592.796.002.210,80,2,car_74
4.017.173.426.905.860,4,22.951.604.706.556.300,9.927.054.563.141.460,21.058.187.886.933.900,17.036.525.636.624.500,80,3,car_75
1.760.429.754.083.430,6,44.550.846.095.985.600,250.0,3.357.252.768.149.570,11.001.435.932.205.700,80,2,car_76
14.173.377.560.553.300,8,45.437.695.882.320.500,250.0,3.675.369.554.452,19.195.900.461.967.700,70,3,car_77
2.358.857.457.575.700,4,3.392.133.220.318.600,24.900.109.712.871.900,27.575.686.390.793.000,13.941.668.368.989.400,82,2,car_78
27.045.844.938.920.300,4,32.094.295.326.562.100,250.0,2.521.456.155.572.010,2.068.675.179.029.520,73,1,car_79
27.969.612.806.981.300,6,32.224.463.901.645.200,22.376.802.370.496.800,25.446.194.071.553.700,178.263.025.419.629,70,3,car_80
3.628.644.257.277.190,4,20.424.772.685.315.700,19.022.725.399.721.900,15.631.918.661.668.200,1.932.098.427.812.620,77,1,car_81
23.110.252.202.616.900,4,2.763.123.900.906.600,250.0,25.850.408.181.019.400,17.787.855.391.464.800,75,1,car_82
20.520.844.973.210.800,6,4.147.047.412.490.680,250.0,3.234.401.079.305.760,21.423.822.207.343.100,71,3,car_83
2.222.938.621.582.920,6,2.764.855.427.688.310,21.212.911.077.414.400,2.280.071.770.870.500,2.184.825.530.893.870,72,2,car_84
3.195.719.678.350.820,4,3.196.152.679.457.570,250.0,20.511.161.168.202.200,18.362.209.666.215.900,72,3,car_85
2.703.165.285.095.670,6,270.241.767.015.198,250.0,2.326.647.812.801.550,15.476.339.957.958.500,75,1,car_86
28.678.728.802.335.700,4,2.935.393.487.461.430,250.0,25.851.657.514.196.300,20.686.501.564.576.400,79,3,car_87
3.125.002.734.203.260,4,3.259.139.988.616.430,250.0,23.969.059.850.730.200,1.517.936.910.068.110,78,1,car_88
16.461.887.900.796.600,6,500.0,250.0,3.897.622.649.982.310,11.937.793.476.663.100,70,1,car_89
21.817.069.111.673.900,6,36.417.258.306.058.400,250.0,300.368.136.850.995,1.899.136.823.695.320,72,3,car_90
2.846.692.170.670.080,6,2.834.279.345.848.220,20.340.207.025.932.900,22.713.156.155.610.700,21.884.154.149.848.600,77,1,car_91
20.076.678.483.772.600,6,3.689.262.692.877.780,250.0,30.446.840.724.060.700,162.400.604.242.123,80,2,car_92
25.191.173.820.559.000,6,3.731.915.591.894.960,2.169.003.427.128.090,29.280.842.606.010.100,18.785.468.804.103.200,70,3,car_93
10.964.827.852.705.400,8,42.342.475.231.985.600,250.0,3.760.051.095.969.150,15.492.927.468.817.700,74,3,car_94
2.993.781.428.143.050,6,34.531.924.633.134.400,250.0,2.628.605.944.222.950,20.037.374.101.834.500,71,1,car_95
2.861.043.799.835.820,4,24.069.317.105.335.900,20.214.612.705.944.200,24.638.603.110.365.100,2.132.122.874.820.010,76,1,car_96
16.814.271.662.554.500,6,432.653.933.548.182,250.0,37.096.162.518.552.800,16.001.788.104.698.600,75,3,car_97
29.825.666.159.386.600,4,23.279.575.187.895.700,18.842.926.103.953.300,20.287.890.725.085.200,15.388.401.454.323.800,72,2,car_98
27.117.953.561.481.700,6,33.630.036.103.258.200,1.921.339.253.410.110,2.482.307.361.389.200,13.646.600.830.776.100,82,2,car_99
28.544.191.418.660.800,4,25.047.053.009.289.000,16.382.011.807.923.300,21.857.007.174.821.100,2.109.136.457.989.860,79,1,car_100
27.234.910.760.405.800,5,3.341.273.264.091.970,250.0,2.793.806.297.409.700,14.296.494.227.466.800,77,1,car_101
3.481.158.272.598.500,6,2.788.031.972.890.270,22.676.234.821.836.900,1.806.503.497.777.630,19.809.569.225.829.400,79,3,car_102
33.585.657.675.393.200,6,2.916.475.665.329.970,250.0,20.522.604.708.197.300,2.077.996.073.450.780,74,2,car_103
25.703.536.624.995.400,4,32.824.677.159.998.300,250.0,26.974.997.580.829.600,162.985.946.062.654,82,3,car_104
3.353.946.078.991.070,4,25.905.949.730.450.400,24.445.221.679.471.200,2.045.816.034.102.870,17.955.551.415.357.200,75,1,car_105
32.314.972.667.104.400,6,2.720.667.193.419.120,20.896.805.178.742.900,20.732.381.128.251.300,21.423.892.229.695.100,75,1,car_106
9.953.237.637.404.300,8,500.0,250.0,4.215.789.838.891.090,13.859.628.799.104.600,77,2,car_107
29.031.812.445.885.400,4,32.405.310.418.622,22.340.555.830.108.400,2.415.668.975.805.890,15.355.196.209.091.800,77,3,car_108
3.656.288.640.490.670,4,23.365.116.776.241.300,22.565.270.658.168.000,17.781.611.534.960.900,18.018.665.182.876.600,78,1,car_109
34.422.363.023.563.600,4,2.726.047.623.971.550,20.678.705.379.142.900,20.514.321.415.738.500,22.282.305.844.655.200,80,1,car_110
413.939.755.532.176,5,25.530.644.450.186.400,14.632.541.936.307.000,21.444.854.075.908.600,23.187.707.876.219.900,73,2,car_111
3.445.321.012.134.560,4,32.212.139.495.931.700,250.0,2.233.079.519.710.330,17.970.571.418.967.400,79,1,car_112
1.562.833.199.069.960,8,4.205.014.343.534.630,250.0,32.644.771.044.576.200,15.099.158.011.407.900,72,1,car_113
27.317.606.015.594.900,6,35.587.700.913.640.400,250.0,25.024.630.289.586.900,21.189.880.818.800.000,73,2,car_114
3.380.263.075.020.130,4,2.314.717.932.627.550,24.768.790.461.994.200,17.891.992.510.536.600,1.370.291.400.396.490,76,1,car_115
4.140.712.632.405.680,4,21.609.837.457.345.100,1.066.410.630.858.990,18.733.967.985.391.100,1.936.943.576.390.510,76,2,car_116
20.977.384.357.022.500,4,3.681.500.445.203.050,24.664.830.614.518.900,30.933.796.552.118.600,1.727.487.956.627.050,78,1,car_117
2.123.266.661.067.900,6,4.265.406.531.059.060,250.0,32.668.055.582.937.500,21.114.677.972.279.300,71,2,car_118
24.540.494.635.309.400,5,2.793.761.927.526.110,20.867.039.876.498.100,23.416.739.326.040.700,2.234.338.168.631.100,80,3,car_119
27.248.202.775.461.400,4,29.094.886.638.284.900,20.607.375.766.391.000,2.290.558.246.613.800,1.538.185.607.954.430,77,3,car_120
1.980.412.347.720.970,6,44.155.549.405.486.900,250.0,380.466.094.705.464,17.198.373.159.370.200,77,2,car_121
31.541.828.360.942.600,4,28.421.170.102.809.800,2.062.257.425.092.640,2.247.701.035.929.990,1.654.048.593.734.530,79,2,car_122
17.731.921.937.263.400,6,4.787.252.841.078.800,250.0,32.351.928.004.063.900,16.384.825.044.873.300,79,1,car_123
11.477.815.160.634.400,8,500.0,250.0,41.789.362.017.421.900,1.817.322.712.193.170,75,1,car_124
3.029.886.201.190.960,4,278.151.281.364.451,19.581.954.979.270.600,21.333.904.110.677.900,17.361.927.222.656.400,76,1,car_125
38.946.886.486.409.600,4,20.404.135.919.935.300,15.899.236.090.672.400,15.774.908.831.649.400,1.950.428.548.641.910,73,2,car_126
1.486.733.076.017.200,8,41.811.596.809.046.100,250.0,34.121.124.391.717.900,19.959.704.056.667.400,77,1,car_127
4.089.395.251.197.540,4,15.837.453.931.887.700,7.847.481.478.470.040,1500.0,23.545.485.171.387.700,72,1,car_128
22.189.552.169.575.800,4,36.525.373.696.275.300,250.0,29.369.606.106.777.500,1.842.907.982.375.060,78,2,car_129
31.558.091.617.162.800,6,285.433.283.486.349,250.0,23.903.656.668.678.900,1.846.293.055.425.250,75,2,car_130
14.511.659.190.361.300,6,4.827.540.931.240.050,250.0,39.348.455.828.846.500,13.243.283.938.669.800,73,1,car_131
15.434.172.591.922.000,8,500.0,250.0,3.880.213.749.793.310,21.377.181.612.538.800,76,1,car_132
3.378.637.481.437.980,5,23.995.344.962.933.400,1.663.016.219.940.290,21.180.139.897.389.200,19.869.089.213.745.500,82,2,car_133
341.035.929.677.342,5,29.243.100.140.097.000,22.246.805.215.346.600,21.399.488.213.585.700,187.687.265.521.015,77,3,car_134
22.279.331.082.538.100,4,36.834.892.511.075.400,250.0,2.821.687.074.410.370,17.933.460.592.179.700,74,2,car_135
3.339.365.568.289.960,4,2.686.958.312.127.740,12.369.719.428.928.200,21.223.663.625.967.600,19.459.594.058.068.900,75,1,car_136
23.675.166.612.849.300,6,36.716.092.934.061.300,250.0,29.963.811.065.792.800,19.818.990.363.062.900,77,3,car_137
3.702.344.923.335.130,4,21.429.644.062.114.900,20.080.178.928.669.000,16.494.628.612.979.900,2.153.718.872.909.370,71,1,car_138
31.709.642.960.139.700,4,26.235.101.038.049.400,16.434.959.301.701.500,23.445.254.628.442.700,2.298.788.022.457.550,77,1,car_139
25.258.814.292.838.400,4,3.312.534.385.646.590,250.0,270.908.475.123.751,1.851.898.077.430.030,70,1,car_140
3.227.829.605.746.660,4,29.126.564.352.517.700,24.809.208.565.076.900,2.345.256.740.941.390,23.417.346.916.854.800,81,1,car_141
3.537.828.188.105.030,5,281.062.760.083.803,16.667.691.085.654.200,23.005.293.124.950.500,21.372.640.525.952.600,77,2,car_142
1.174.307.416.705.050,6,47.457.124.462.020.800,250.0,3.943.151.143.154.000,16.376.454.713.337.500,71,2,car_143
21.432.108.801.368.100,4,33.238.079.198.773.800,2.412.068.228.701.290,27.072.013.145.301.100,12.790.677.500.139.900,76,3,car_144
19.788.866.169.706.100,6,43.239.281.555.466.100,250.0,30.972.391.578.074.700,17.659.447.635.083.400,81,2,car_145
1.990.126.559.909.600,4,35.246.645.383.032.800,250.0,30.376.334.034.484.000,22.137.800.011.222.500,82,1,car_146
3.550.552.489.368.410,4,25.092.085.405.416.800,2.166.942.405.942.610,2.031.301.874.048.570,16.142.908.735.554.700,71,2,car_147
13.631.538.077.492.600,8,500.0,250.0,4.136.970.561.444.340,16.610.417.380.943.300,73,2,car_148
14.385.486.599.658.500,8,4.573.589.374.351.600,250.0,35.776.827.942.746.500,1.741.797.393.369.060,71,2,car_149
28.768.535.186.173.200,4,332.595.328.041.468,21.903.365.887.653.400,22.954.193.151.143.600,21.030.960.460.379.200,74,1,car_150
31.435.771.441.056.900,4,28.366.752.135.759.400,22.570.394.573.154.600,18.135.582.468.858.900,1.752.300.710.976.420,81,2,car_151
1.480.468.188.752.240,8,500.0,250.0,3.811.126.442.128.440,14.080.722.312.505.600,79,2,car_152
11.553.120.457.741.300,6,500.0,250.0,410.345.884.737.151,18.106.547.606.299.600,73,1,car_153
26.391.399.290.095.900,4,32.082.029.179.466.000,250.0,282.614.052.535.014,15.443.698.417.537.000,74,3,car_154
31.994.136.160.662.400,4,2.687.333.462.023.110,24.220.273.096.664.400,2.210.261.014.673.670,1.278.322.292.889.990,77,1,car_155
3.479.589.721.441.260,4,2.681.758.128.997.010,250.0,19.349.610.213.227.700,2.408.615.475.196.080,77,1,car_156
2.040.946.942.435.250,6,37.429.717.204.338.000,250.0,2.837.552.547.618.310,20.443.539.438.794.300,76,2,car_157
23.644.366.510.120.000,6,3.162.217.406.129.800,23.101.709.840.195.000,28.019.305.446.340.700,23.348.232.811.617.400,75,3,car_158
31.473.341.928.306.100,4,32.658.448.398.215.200,24.712.347.853.542.400,23.505.196.977.489.100,20.771.518.561.297.600,82,2,car_159
263.699.121.125.936,4,28.983.447.613.102.700,16.777.812.459.129.400,27.390.303.853.510.900,1.980.206.437.972.620,76,2,car_160
27.286.713.075.391.500,4,2.575.057.397.288.630,1.450.612.669.492.500,2.435.253.422.995.830,1.917.335.347.726.520,80,3,car_161
1.074.353.970.232.850,6,4.940.873.763.451.340,250.0,4.379.643.424.735.050,15.562.271.730.578.100,82,1,car_162
10.475.434.537.495.000,8,500.0,250.0,40.761.402.974.968.800,179.601.794.482.184,74,1,car_163
2.244.521.368.834.670,6,4.181.803.553.864.670,250.0,32.771.378.795.720.400,1.556.316.466.730.560,80,2,car_164
21.053.595.516.524.900,6,3.843.459.393.633.890,250.0,31.460.367.681.374.200,14.146.275.714.424.900,80,1,car_165
34.619.752.694.967.600,4,2.267.759.799.900.080,16.493.167.988.250.000,19.959.248.301.304.500,1.750.739.771.910.630,72,2,car_166
23.761.461.492.599.900,6,42.085.084.433.486.400,250.0,3.236.651.573.520.850,2.113.782.530.053.330,72,3,car_167
37.307.457.829.507.200,4,19.097.289.819.366.800,15.519.677.075.499.400,1500.0,15.302.779.939.224.200,72,1,car_168
38.164.825.799.859.700,4,2.600.650.245.412.110,17.611.327.246.608.100,20.237.328.975.235.500,14.826.717.150.076.100,78,1,car_169
221.002.197.890.722,5,38.032.507.221.409.600,250.0,2.888.139.022.206.290,1.938.578.846.593.210,79,1,car_170
28.142.533.952.391.700,6,27.952.022.176.371.900,250.0,24.843.390.698.398.200,16.770.424.816.850.100,79,2,car_171
2.779.411.901.764.770,4,34.347.567.907.176.400,2.183.412.057.544.550,26.245.195.298.282.500,1.933.196.560.565.010,75,2,car_172
19.266.464.751.221.900,5,40.068.065.945.846.400,250.0,32.245.735.689.871.800,20.244.998.726.651.100,79,3,car_173
10.556.595.259.175.100,8,47.915.052.468.021,250.0,40.298.123.015.632.400,17.854.785.151.210.300,70,2,car_174
3.522.388.891.867.610,6,2.142.461.186.498.030,14.173.938.320.783.600,1.969.937.411.267.590,16.633.325.852.697.000,78,3,car_175
29.384.807.578.411.500,5,25.377.083.935.496.200,250.0,2.071.878.571.210.640,2.227.692.285.437.510,76,1,car_176
4.171.929.849.029.240,4,21.469.120.170.873.900,17.672.381.690.506.300,17.943.888.609.925.600,20.931.979.186.817.900,80,1,car_177
2.532.000.077.047.040,6,3.503.894.132.227.300,250.0,25.997.171.802.811.500,17.980.766.382.287.500,82,1,car_178
2.586.906.769.695.350,4,34.502.733.931.591.800,250.0,29.648.300.439.121.200,1.747.042.151.439.250,77,3,car_179
324.057.262.988.682,4,2.565.968.393.998.350,24.024.708.203.304.000,23.054.793.636.581.300,1.931.649.825.477.280,78,1,car_180
3.890.943.480.051.940,4,25.577.424.098.899.000,17.655.521.375.305.400,16.721.233.134.281.000,17.891.925.585.796.900,82,1,car_181
22.414.867.750.899.100,4,3.320.871.440.980.110,24.443.571.650.076.800,3.009.286.316.891.210,12.597.099.598.948.600,74,1,car_182
2.479.910.732.349.130,6,3.728.333.278.493.770,250.0,2.842.534.729.420.950,19.907.938.509.364.000,71,1,car_183
25.851.870.004.039.400,6,34.950.922.871.551.800,21.895.181.135.279.900,29.150.000.073.512.000,19.657.229.052.262.300,76,2,car_184
24.078.865.722.483.500,4,35.871.477.474.220.000,250.0,2.885.230.542.900.780,10.711.571.560.009.000,74,3,car_185
880.387.921.561.206,8,500.0,250.0,3.987.924.830.777.880,18.044.103.597.193.800,78,1,car_186
14.384.176.850.342.000,6,4.255.385.101.948.300,250.0,33.630.044.859.032.600,22.406.446.130.765.800,80,2,car_187
24.557.076.107.852.500,6,4.230.065.139.465.500,250.0,3.185.539.445.167.690,13.931.545.495.311.600,76,1,car_188
24.551.800.715.392.800,4,28.135.827.403.455.400,18.283.655.275.027.000,2.355.631.794.406.030,17.924.494.332.921.800,74,1,car_189
2.573.657.517.239.180,4,34.930.908.811.483.300,250.0,2.737.263.771.167.520,172.167.892.864.303,77,1,car_190
17.567.545.449.763.500,6,4.640.481.769.581.460,250.0,34.505.009.514.002.900,22.030.734.851.712.300,75,2,car_191
3.252.045.717.948.360,6,28.339.443.827.562.000,250.0,2.060.154.568.515.150,21.802.686.563.955.700,72,2,car_192
27.718.231.773.490.800,4,3.251.493.253.947.390,2.021.599.289.742.550,2.342.705.350.419.630,1.552.204.621.004.300,80,2,car_193
2.997.260.101.366.890,5,32.110.135.765.973.400,2.148.388.397.997.200,24.638.927.512.174.600,1.906.246.281.885.810,74,3,car_194
26.715.325.716.851.800,4,3.181.189.593.965.130,250.0,2.641.971.536.858.570,24.766.044.859.974,77,1,car_195
34.932.559.981.492.700,4,3.241.525.685.988.050,250.0,2.450.996.938.670.660,1.617.487.936.390.590,81,2,car_196
2.954.113.622.515.470,4,2.885.802.615.363.820,19.888.366.182.516.000,2.503.730.403.638.380,1.796.280.824.538.360,72,2,car_197
274.276.191.541.589,4,3.605.174.696.468.270,250.0,28.602.968.612.911.400,19.180.225.049.171.700,75,1,car_198
25.684.245.089.452.200,4,3.146.679.590.469.300,20.648.046.139.519.800,245.946.268.800.717,16.210.373.662.835.000,72,1,car_199
15.176.707.434.521.300,8,500.0,250.0,40.033.530.860.592.100,21.786.256.168.919.000,75,1,car_200
23.761.959.527.801.500,6,3.344.553.925.475.200,24.856.608.207.587.500,29.546.741.267.314.200,16.127.320.972.418.000,73,1,car_201
30.873.987.457.336.300,4,3.135.379.579.577.310,250.0,2.234.035.925.273.380,14.098.858.687.354.000,81,1,car_202
29.887.431.022.901.800,4,26.546.521.990.618.900,2.157.179.600.138.560,2.454.995.153.533.340,1.647.005.872.971.770,73,1,car_203
21.973.879.694.167.500,5,4.123.955.689.532.160,250.0,34.911.965.734.106.500,1.896.786.368.514.780,77,3,car_204
3.753.717.656.118.930,4,23.583.516.798.798.700,15.056.947.180.509.300,18.823.500.448.964.200,16.223.127.577.840.800,71,3,car_205
19.657.034.546.513.400,6,35.845.761.201.227.300,250.0,31.042.660.330.522.100,18.302.332.133.549.000,75,2,car_206
3.233.314.108.479.340,5,27.275.408.057.617.900,16.705.443.583.607.500,21.175.380.741.945.600,20.070.113.246.230.400,80,2,car_207
14.071.461.984.007.800,8,500.0,250.0,4.057.135.675.065.390,12.816.062.198.695.600,78,3,car_208
4.081.498.728.545.890,4,22.735.422.958.942.800,1.132.714.002.673.520,171.055.093.520.708,17.098.342.412.010.200,73,1,car_209
8.0,8,500.0,250.0,4.193.295.032.777.050,17.353.617.545.837.100,82,2,car_210
29.454.431.340.861.500,6,32.258.355.536.572.500,250.0,24.392.173.218.786.600,20.168.019.158.131.800,80,2,car_211
1.287.513.120.336.920,6,46.477.185.603.271.800,250.0,37.079.012.904.613.900,15.175.746.650.235.600,75,3,car_212
2.296.497.843.320.090,8,3.661.548.622.444.860,250.0,30.650.666.616.209.200,17.890.250.269.123.100,82,3,car_213
3.306.569.252.150.980,5,23.367.443.528.044.500,14.500.294.255.938.900,2.079.033.410.541.190,17.569.157.840.221.500,72,1,car_214
4.040.417.753.798.770,4,20.641.165.076.367.700,13.573.727.084.420.700,1500.0,2.118.355.051.240.170,74,2,car_215
2.097.428.718.872.000,5,3.584.676.899.570.700,250.0,3.018.369.166.680.630,1.903.987.157.081.610,82,1,car_216
3.348.038.785.917.090,6,3.100.108.095.146.230,250.0,22.836.894.598.917.500,1.709.586.149.452.120,82,1,car_217
17.865.281.026.992.900,8,500.0,250.0,3.569.933.834.878.210,1.836.539.771.871.020,80,2,car_218
3.292.972.137.457.150,5,3.062.561.139.488.600,24.795.664.365.831.800,2.300.436.182.144.720,16.961.768.702.477.100,72,2,car_219
314.349.917.666.694,6,33.567.149.612.293.900,250.0,28.523.039.641.987.800,19.019.781.898.870.600,72,1,car_220
2.723.124.082.754.480,4,3.188.775.785.654.460,250.0,2.548.577.252.728.000,19.365.306.383.305.700,78,1,car_221
3.579.075.424.176.400,4,27.868.263.005.917.500,23.332.022.542.557.800,21.224.614.461.221.600,25.490.678.139.583.300,70,2,car_222
25.745.899.994.696.500,6,3.136.390.018.812.020,24.411.280.146.144.000,25.202.076.797.478.200,16.971.005.593.939.800,82,1,car_223
3.809.891.517.439.440,4,25.682.970.406.004.900,14.890.348.098.638.300,2.059.117.567.083.740,18.017.076.972.025.700,82,3,car_224
3.620.212.004.658.710,4,18.702.519.981.084.200,18.777.649.174.145.700,16.205.813.082.596.000,16.937.723.890.564.000,80,2,car_225
2.050.682.744.559.520,6,4.398.819.321.800.860,250.0,31.967.134.725.555.600,1.420.481.543.407.680,82,2,car_226
24.871.863.157.663.000,6,3.674.379.612.261.710,250.0,2.919.033.098.442.460,1.621.158.542.078.020,72,1,car_227
27.917.662.557.713.400,6,3.263.670.121.793.330,250.0,26.357.915.517.429.700,19.859.510.533.920.700,81,3,car_228
21.721.687.092.203.500,4,38.159.592.662.737.200,250.0,27.796.933.802.481.200,19.932.691.213.799.700,73,3,car_229
320.887.623.788.212,4,2.733.247.023.758.600,22.919.571.546.449.100,1.910.781.134.759.950,19.476.258.399.302.000,71,1,car_230
1.679.587.961.111.810,6,47.702.703.029.717.300,250.0,37.432.745.585.809.100,15.869.430.799.829.300,73,2,car_231
11.623.660.025.426.900,8,500.0,250.0,4.001.704.856.654.020,15.018.170.185.553.500,80,3,car_232
3.083.417.046.204.170,4,24.342.266.193.016.000,20.648.510.870.936.200,19.497.905.004.523.900,15.799.717.968.161.500,82,1,car_233
24.520.241.180.674.200,6,36.293.767.432.179.700,250.0,2.792.231.698.305.730,1.603.710.549.880.520,77,2,car_234
2.443.799.303.556.020,6,36.449.059.231.330.700,250.0,27.964.578.199.130.300,13.818.158.002.690.100,73,3,car_235
1.487.462.964.169.730,6,4.872.251.306.816.680,250.0,38.187.657.811.574.900,2.075.480.915.446.940,77,2,car_236
22.178.289.123.904.700,6,3.898.471.331.970.750,250.0,31.784.814.178.463.500,22.832.973.041.119.700,76,3,car_237
32.847.769.993.749.400,4,25.065.141.721.172.100,19.716.676.711.448.400,2.254.135.539.052.430,12.438.276.200.447.700,76,1,car_238
27.737.117.940.170.900,6,34.329.053.870.557.200,250.0,2.302.244.932.355.750,19.065.545.981.196.000,74,3,car_239
2.665.462.460.566.760,5,29.765.374.974.933.200,250.0,25.058.304.222.550.200,18.812.245.443.813.000,71,3,car_240
3.084.654.011.680.990,4,31.008.777.933.806.800,2.356.070.863.917.030,2.458.471.902.465.850,1.866.795.446.630.450,74,1,car_241
19.383.596.236.581.800,4,38.433.746.292.016.100,250.0,31.798.441.595.810.500,1.554.192.287.677.990,81,1,car_242
2.839.236.212.074.680,4,2.700.976.184.756.900,22.670.038.600.094.300,2.397.889.615.257.720,2.116.965.226.100.930,75,2,car_243
25.500.349.159.716.100,6,3.199.883.854.270.240,23.033.864.857.048.600,24.088.818.682.528.800,19.322.550.036.482.800,70,3,car_244
1.071.968.946.895.240,8,500.0,250.0,418.886.093.557.945,1.941.350.432.631.200,74,1,car_245
30.000.211.146.908.600,4,32.538.813.429.560.700,250.0,23.522.965.014.992.700,15.935.167.560.262.300,75,1,car_246
25.708.151.701.758.300,4,2.859.555.452.346.510,21.138.243.892.725.400,2.313.164.208.430.660,14.037.287.377.595.500,77,3,car_247
10.409.407.584.689.100,8,500.0,250.0,39.514.966.461.328.000,17.853.219.942.613.200,78,1,car_248
3.331.838.623.412.850,4,2.326.196.064.539.500,15.283.889.916.023.900,18.702.127.452.330.800,15.740.956.077.312.100,75,2,car_249
40.022.039.849.156.800,3,2.327.079.848.902.750,1.850.090.173.968.150,16.638.570.221.523.000,21.999.941.795.349.300,71,2,car_250
23.202.427.249.016.700,6,30.594.227.169.935.900,22.758.486.397.724.300,253.491.486.480.492,11.585.221.192.064.500,75,3,car_251
9.390.713.976.188.720,8,500.0,250.0,4.317.257.453.102.950,14.777.122.862.190.400,70,1,car_252
23.812.551.502.877.000,6,4.070.727.203.264.950,250.0,3.062.210.388.448.680,15.590.024.068.592.100,76,3,car_253
2.533.173.941.915.610,4,34.273.154.575.394.700,250.0,2.779.781.470.364.220,16.723.088.604.139.200,75,2,car_254
22.447.735.357.531.600,6,3.427.577.717.714.110,250.0,2.913.236.798.387.090,18.370.060.417.502.500,74,3,car_255
25.364.523.498.929.300,6,35.868.911.155.425.800,250.0,28.101.647.468.009.800,18.878.542.461.203.200,78,1,car_256
18.460.419.439.995.200,8,4.248.903.496.016.990,250.0,367.120.138.112.493,18.748.011.425.819.100,79,2,car_257
3.942.981.714.897.100,4,21.398.857.776.104.800,14.138.147.621.990.000,16.259.709.538.046.400,21.138.988.139.064.200,73,3,car_258
12.984.002.623.694.300,8,42.864.054.625.460.300,250.0,3.405.865.429.397.070,16.579.557.768.587.600,76,3,car_259
2.154.381.526.036.800,6,44.939.781.391.061.500,250.0,33.965.516.719.996.000,23.429.561.413.119.700,76,1,car_260
25.061.352.296.630.000,4,36.928.286.688.294.300,20.944.997.587.485.600,29.795.810.064.775.000,21.681.689.995.393.400,76,2,car_261
370.692.010.461.425,4,2.039.604.034.494.230,22.284.099.581.276.400,1.632.287.816.695.180,17.931.747.536.320.700,75,1,car_262
22.512.079.681.459.500,4,3.015.681.111.195.100,24.532.464.395.666.300,2.539.725.137.925.050,17.549.653.785.649.000,72,1,car_263
13.246.640.572.926.900,8,500.0,250.0,3.872.758.791.915.540,15.628.097.829.983.700,72,2,car_264
3.666.321.832.137.020,4,22.990.612.745.732.600,14.598.632.186.676.600,17.028.498.947.484.900,19.887.045.946.833.200,70,3,car_265
1.640.471.094.850.260,6,404.870.083.228.578,250.0,333.145.908.940.862,14.252.727.420.162.800,70,2,car_266
2.336.959.317.252.980,3,3.256.862.783.821.310,250.0,28.849.283.250.719.600,15.246.459.292.156.100,80,1,car_267
14.931.836.395.660.000,6,44.037.782.369.167.300,250.0,36.488.246.390.595.800,10.349.076.624.697.200,70,1,car_268
14.984.655.319.431.800,5,408.565.914.709.168,250.0,3.638.009.767.395.570,15.666.009.846.284.800,81,1,car_269
2.045.405.461.579.850,8,41.030.495.447.809.700,250.0,339.350.113.006.917,20.300.776.421.852.800,81,1,car_270
20.076.185.336.272.200,6,4.028.019.912.789.670,250.0,33.262.745.014.026.100,1.671.742.243.814.890,73,3,car_271
23.432.878.314.191.900,6,33.287.186.083.346.300,250.0,27.988.334.628.016.900,1.741.268.071.275.930,75,1,car_272
20.995.488.148.442.100,6,3.394.027.160.984.380,250.0,3.012.855.879.943.330,18.321.621.551.623.100,74,1,car_273
17.918.907.159.460.400,6,38.911.007.852.695.000,250.0,33.603.946.414.390.300,1.413.289.306.017.550,75,2,car_274
14.231.145.890.965.000,8,500.0,250.0,3.783.024.353.378.240,16.792.834.284.554.400,74,1,car_275
2.061.561.595.607.750,5,39.904.182.162.052.400,250.0,33.524.509.504.862.000,1.981.853.753.601.020,74,1,car_276
9.462.886.664.336.730,8,500.0,250.0,40.530.713.011.597.000,17.366.618.198.676.200,78,2,car_277
3.696.512.892.134.320,4,2.599.370.594.571.390,21.446.914.658.758.300,20.406.894.724.793.200,213.938.047.213.058,75,1,car_278
3.493.963.177.512.770,6,30.021.253.976.856.000,20.903.844.440.404.300,2.047.114.487.057.000,22.245.281.231.748.900,72,2,car_279
10.182.595.255.410.800,8,4.841.613.323.490.600,250.0,35.652.584.767.404.200,18.922.510.808.172.900,74,2,car_280
13.462.307.526.297.500,8,500.0,250.0,392.710.655.597.738,14.432.792.371.482.400,82,2,car_281
3.026.084.164.966.730,5,3.473.772.871.955.200,250.0,24.860.999.958.772.100,16.981.493.913.262.000,82,1,car_282
3.195.644.069.858.040,5,28.807.011.296.776.800,23.057.428.906.359.700,2.235.809.539.991.360,24.058.657.018.908.500,70,1,car_283
11.919.447.458.039.600,6,4.780.127.204.642.620,250.0,39.669.700.142.664.900,17.475.535.525.719,77,2,car_284
3.342.567.051.191.940,4,2.666.529.671.582.260,20.904.251.044.074.400,20.170.324.725.745.700,19.025.837.296.742.600,82,1,car_285
12.998.874.664.925.000,8,500.0,250.0,40.166.925.205.502.400,13.903.429.458.327.800,72,1,car_286
398.635.710.576.584,4,2.329.881.155.648.940,1.940.418.083.422.140,16.499.145.328.633.400,1.857.570.200.029.060,70,1,car_287
27.712.506.476.368.400,4,2.833.927.169.754.770,19.002.681.584.474.800,23.268.951.927.979.800,20.322.225.565.660.300,72,1,car_288
18.228.677.887.674.800,6,3.990.313.180.786.830,250.0,32.938.776.229.233.800,1.725.065.950.856.600,74,1,car_289
3.542.081.874.920.600,4,3.065.774.356.783.530,23.384.334.102.408.900,21.680.326.340.239.900,1.677.383.266.142.400,82,3,car_290
29.945.549.837.789.600,4,30.425.738.517.010.700,250.0,2.283.681.822.041.260,17.354.159.689.116.400,73,2,car_291
3.659.383.900.934.510,4,285.348.346.747.408,2.370.796.375.957.360,20.293.527.204.977.900,220.461.232.335.505,74,2,car_292
22.132.084.095.925.700,8,4.626.683.613.112.390,250.0,3.803.189.849.853.480,1.870.015.258.813.920,73,1,car_293
12.644.363.008.293.600,6,4.807.192.106.698.730,250.0,38.785.549.974.686.200,18.223.565.683.118.000,75,1,car_294
9.626.220.735.069.480,8,500.0,250.0,3.990.057.641.152.880,17.832.588.775.693.100,82,3,car_295
35.856.512.744.734.000,4,23.852.950.517.722.400,16.312.877.134.736.100,18.825.797.337.895.300,15.068.330.388.504.700,71,2,car_296
4.052.732.530.512.800,4,19.972.714.838.665.300,19.187.712.490.654.300,16.623.842.741.797.400,19.654.662.986.068.000,75,3,car_297
3.190.057.843.704.040,4,297.646.200.796.851,22.730.873.982.097.900,2.449.739.904.777.080,21.254.282.526.913.200,77,1,car_298
3.785.326.218.066.680,4,29.700.396.822.080.800,17.658.396.873.958.900,22.769.162.470.037.600,17.440.319.129.335.500,71,1,car_299
3.379.108.725.765.600,4,2.680.980.617.164.200,20.667.492.048.268.300,20.176.651.329.572.800,21.414.619.054.125.100,70,2,car_300
4.152.931.062.121.660,3,1.867.101.214.342.780,15.702.768.892.215.100,1500.0,20.635.680.155.563.600,82,1,car_301
3.733.338.882.694.330,4,21.585.445.845.050.900,1.399.433.388.542.990,16.888.886.880.041.200,2.129.412.983.966.590,73,1,car_302
10.277.286.373.338.300,6,4.004.235.850.389.860,250.0,3.615.525.125.321.750,17.037.284.334.349.400,73,1,car_303
3.678.762.335.233.890,4,23.218.090.050.251.000,1.828.854.069.360.440,1.780.668.269.545.860,21.379.088.414.106.600,74,1,car_304
9.634.857.276.353.970,6,49.576.783.081.335.000,250.0,4.024.075.708.929.670,12.081.879.450.808.400,70,3,car_305
26.954.537.204.708.400,4,33.077.503.533.593,250.0,27.393.855.803.440.600,17.860.051.580.176.000,71,3,car_306
2.286.244.887.735.890,6,3.025.662.372.450.610,18.959.067.534.866.000,27.006.347.560.833.200,19.938.409.827.149.200,70,2,car_307
30.098.980.986.420.600,6,2.789.381.996.284.720,250.0,2.069.268.678.678.550,19.319.629.900.059.300,76,1,car_308
18.724.438.124.409.500,6,3.988.183.028.301.030,250.0,3.458.475.988.469.160,2.032.839.497.954.290,76,3,car_309
2.368.856.806.167.390,6,3.779.641.063.187.570,250.0,2.994.233.735.685.880,17.034.469.788.725.600,73,2,car_310
20.360.785.168.343.600,4,33.822.407.817.091.700,250.0,32.060.616.712.966.100,15.651.572.509.688.200,81,3,car_311
38.240.247.297.498,4,2.689.821.102.884.200,14.614.474.536.012.800,2.224.377.326.152.590,1.335.839.767.636.030,73,2,car_312
4.296.646.498.357.950,6,23.983.601.490.988.400,14.960.570.572.847.200,16.729.022.934.089.000,180.081.982.054.724,70,3,car_313
2.001.608.006.852.600,8,39.259.273.180.118.600,250.0,31.013.101.198.809.100,18.949.314.720.578.900,71,1,car_314
26.047.011.941.178.800,6,3.485.496.689.203.810,250.0,3.055.651.222.828.700,19.727.374.318.418.600,79,2,car_315
29.535.805.620.251.300,5,3.510.365.486.134.740,22.545.639.346.079.000,2.824.600.619.790.030,13.477.842.635.241.800,76,3,car_316
2.847.396.433.565.380,6,31.310.014.862.388.200,21.625.062.181.746.200,24.928.761.074.716.400,21.533.099.271.508.200,73,3,car_317
11.886.400.336.315.700,8,4.936.139.142.884.900,250.0,409.271.074.708.146,134.840.267.895.294,73,3,car_318
3.676.716.716.131.650,4,22.546.727.499.867.700,19.928.807.791.025.900,17.347.386.618.559.100,184.018.169.142.601,72,1,car_319
31.726.766.142.023.700,4,25.683.592.968.221.900,22.317.757.881.903.600,20.125.408.023.011.700,1.678.101.005.272.620,75,2,car_320
18.272.132.905.924.900,6,43.541.308.643.705.600,250.0,32.943.697.895.101.300,1.845.737.986.198.700,79,1,car_321
16.182.962.838.200.900,6,45.322.127.538.572.200,250.0,3.971.534.359.279.050,16.810.689.793.346.400,78,2,car_322
3.262.269.223.919.260,4,29.369.963.346.472.800,250.0,21.050.748.118.683.200,204.288.308.542.412,79,1,car_323
37.521.707.335.493.600,4,18.552.054.564.881.700,20.574.139.418.064.300,15.180.576.971.432.300,24.513.356.146.429.900,70,1,car_324
12.295.234.596.888.200,6,4.631.250.765.757.400,250.0,38.009.775.222.223.000,17.892.579.896.797.900,77,3,car_325
2.463.939.916.046.930,6,3.360.216.429.251.410,22.302.985.496.075.100,2.685.442.919.417.430,16.084.518.164.679.800,79,3,car_326
2.305.461.929.628.370,6,3.970.433.529.951.080,250.0,29.255.742.648.629,18.957.632.817.803.700,72,2,car_327
30.648.472.968.714.500,4,3.281.497.475.621.970,250.0,2.425.445.174.955.350,23.909.972.565.256.700,77,1,car_328
2.706.837.665.673.860,4,29.111.690.741.462.200,22.356.779.966.063.200,24.334.386.429.883.000,20.035.582.148.498.500,70,1,car_329
2.685.764.789.619.060,6,3.687.045.892.667.890,250.0,27.936.608.524.150.800,20.543.419.974.764.800,81,1,car_330
31.732.465.858.692.800,4,31.854.950.571.359.100,250.0,21.339.926.012.110.400,135.852.780.490.943,79,1,car_331
2.020.805.291.330.190,5,3.996.886.912.181.220,250.0,32.749.051.943.028.000,18.385.730.602.569.300,78,3,car_332
3.096.331.967.327.520,6,3.443.398.936.207.330,19.729.899.891.141.200,2.580.220.072.974.710,17.115.726.677.248.300,77,2,car_333
29.936.893.269.802.900,4,3.061.517.435.818.780,21.723.084.971.185.800,2.575.457.803.369.080,15.884.167.610.413.600,78,1,car_334
15.407.170.899.809.000,6,42.680.971.206.513.200,250.0,33.741.534.368.762.000,17.058.894.581.347.000,75,2,car_335
3.288.863.110.597.680,4,24.823.940.975.487.700,1.687.268.885.379.820,19.359.528.123.362.500,18.889.949.131.555.100,82,1,car_336
28.443.251.841.705.100,6,2.968.220.674.935.990,24.509.050.486.947.600,23.850.241.765.522.000,16.241.800.117.471.800,72,1,car_337
23.959.733.708.882.700,6,39.708.981.261.019.900,250.0,2.949.019.834.869.510,18.116.371.445.756.600,80,1,car_338
28.140.279.280.365.000,6,3.751.053.449.487.950,2.331.212.812.328.270,28.357.521.420.708.300,171.437.865.645.325,79,1,car_339
15.771.858.781.593.200,8,4.683.832.266.321.510,250.0,36.950.810.033.062.700,18.912.235.620.242.000,80,2,car_340
343.248.205.547.257,4,3.122.888.255.203.440,250.0,22.694.420.192.086.400,1.891.328.250.325.300,70,2,car_341
11.718.137.081.310.800,6,47.184.423.518.813.800,250.0,3.917.517.413.397.430,17.710.252.663.150.400,75,2,car_342
3.378.705.563.734.930,4,23.740.350.082.774.900,21.971.585.405.694.000,18.377.522.105.243.800,21.600.411.695.535.600,78,3,car_343
2.077.809.970.341.890,8,42.445.709.048.206.800,250.0,3.105.769.403.526.360,19.059.098.175.991.200,78,3,car_344
32.349.715.006.687.600,4,24.340.949.336.181.600,24.508.382.226.208.500,18.354.701.511.367.200,18.646.276.671.035.800,78,3,car_345
1.904.108.765.295.680,6,4.531.877.302.758.670,250.0,36.457.423.551.913.200,10.593.482.794.759.400,78,3,car_346
2.465.138.397.604.390,4,2.754.527.456.473.740,250.0,21.144.038.744.766.100,19.926.780.106.908.400,72,3,car_347
309.533.723.118.325,4,2.703.922.356.659.080,18.055.649.112.147.900,2.243.101.062.606.400,15.521.129.030.622.400,80,3,car_348
3.485.370.845.325.220,4,24.385.921.310.273.400,250.0,20.656.809.747.244.000,1.817.560.555.117.470,76,1,car_349
29.229.888.608.937.300,4,25.279.514.870.888.900,16.607.675.799.240.900,25.027.012.448.617.300,19.110.439.710.917.600,82,1,car_350
2.715.667.096.775.280,4,3.233.032.100.663.370,250.0,28.165.545.208.028.400,21.682.532.550.570.700,76,2,car_351
4.639.323.739.957.110,3,22.429.889.495.750.500,14.136.576.543.064.000,1500.0,24.526.968.404.350.600,76,3,car_352
18.719.295.893.106.400,6,4.352.766.336.810.030,250.0,341.016.657.244.829,14.326.178.566.937.400,77,3,car_353
3.939.546.065.986.630,4,2.359.137.564.033.400,17.423.523.617.497.200,18.339.817.927.371.200,14.718.429.578.175.400,81,2,car_354
3.520.763.397.647.320,4,27.787.584.984.882.000,250.0,23.380.209.832.754.900,19.139.130.524.284.900,81,3,car_355
16.698.432.096.127.100,8,4.849.245.851.662.800,250.0,36.926.794.671.899.000,1.753.460.379.492.370,77,2,car_356
23.301.533.848.491.100,6,3.782.601.563.929.340,250.0,2.919.830.818.303.800,13.974.541.547.923.800,77,2,car_357
4.631.616.329.356.260,4,15.738.558.555.632.800,40.0,1500.0,1.895.019.099.420.970,70,1,car_358
3.771.705.976.039.400,4,24.010.016.962.524.600,250.0,1.800.348.212.303.660,20.492.274.624.936.600,70,2,car_359
36.095.623.457.309.900,5,2.397.080.801.131.930,194.687.433.115.155,18.046.715.314.551.200,15.004.873.302.008.000,79,1,car_360
2.520.556.578.957.550,6,36.464.493.060.822.100,17.397.474.136.925.400,28.545.582.822.944.900,14.661.685.541.312.700,74,1,car_361
20.500.251.686.190.100,8,48.532.827.604.237.700,250.0,36.453.236.609.550.700,14.922.196.532.958.100,75,2,car_362
2.476.718.529.949.930,6,3.149.028.384.674.200,250.0,27.156.278.556.195.300,1.714.759.139.737.020,78,1,car_363
15.786.577.508.394.400,8,4.871.664.586.518.040,250.0,3.991.774.441.781.110,18.590.140.075.545.200,72,3,car_364
27.998.377.741.969.400,6,35.295.562.483.083.200,250.0,25.338.790.441.037.600,1.698.667.893.517.040,74,2,car_365
17.275.467.015.811.300,8,500.0,250.0,40.051.945.878.334.800,16.660.755.890.240.000,70,2,car_366
13.587.894.952.846.500,6,500.0,250.0,368.694.902.405.149,23.551.584.466.668.300,79,1,car_367
1.808.556.689.882.840,6,3.717.808.830.504.590,250.0,3.242.698.209.609.000,14.388.370.942.354.700,76,3,car_368
26.856.137.886.628.500,6,30.964.826.714.541.400,250.0,2.800.007.811.794.640,15.741.011.996.301.400,72,2,car_369
22.824.696.604.040.300,6,33.851.162.146.616.800,250.0,2.696.945.512.951.630,19.837.321.109.921.100,77,2,car_370
30.461.884.881.637.900,4,3.081.684.455.616.490,23.738.336.547.877.900,22.948.185.310.222.600,2.116.931.104.237.600,71,2,car_371
4.294.580.214.364.950,4,23.267.680.870.166.400,12.332.049.659.360.400,17.285.606.040.941.900,20.015.842.016.843.700,80,2,car_372
3.563.770.396.185.300,4,20.461.254.674.923.200,15.462.320.384.753.200,15.461.519.575.387.000,24.380.750.748.757.300,73,2,car_373
34.138.565.529.194.300,4,25.623.709.864.136.700,22.604.897.492.889.400,2.028.531.341.946.010,1.942.383.646.266.990,73,2,car_374
12.828.424.178.498.000,8,500.0,250.0,4.274.093.929.481.260,10.297.595.019.989.300,81,3,car_375
12.949.435.938.230.800,6,4.706.823.909.814.660,250.0,39.565.794.899.135.400,16.834.407.572.428.500,79,1,car_376
23.410.670.895.053.200,4,3.116.198.502.695.500,250.0,26.871.597.029.032.200,16.099.889.424.804.200,78,3,car_377
28.926.067.846.966.400,4,2.842.233.204.553.240,24.861.299.850.089.500,23.079.022.177.771.600,22.343.533.028.789.600,77,1,car_378
34.289.697.810.178.300,4,25.376.558.111.906.400,19.199.932.273.315.800,17.994.023.041.641.700,2.159.446.988.848.090,76,1,car_379
3.202.449.316.715.720,6,2.815.832.273.524.670,2.460.619.208.816.540,20.986.544.768.934.100,13.632.273.193.724.700,72,1,car_380
2.431.404.983.137.020,8,3.446.592.967.680.530,250.0,2.769.418.626.774.910,21.781.535.563.987.700,73,1,car_381
38.831.739.424.007.800,4,23.168.427.823.391.200,12.575.224.016.028.900,16.132.542.065.024.800,21.704.849.099.893.700,82,1,car_382
29.338.536.050.423.100,4,29.698.583.169.846.000,250.0,2.436.683.243.698.100,17.089.930.368.999.400,81,3,car_383
1.491.754.201.248.270,8,500.0,250.0,4.161.024.704.282.060,16.103.649.612.620.700,79,2,car_384
1.511.966.515.910.340,6,46.436.495.317.613.900,250.0,38.239.887.038.007.800,2.085.254.241.960.870,81,3,car_385
15.532.268.150.596.900,8,4.922.064.603.709.470,250.0,4.038.689.577.551.240,10.546.774.675.123.800,80,1,car_386
4.256.105.582.036.020,4,21.601.440.544.212.100,21.820.021.413.636.200,1500.0,20.336.194.015.119.000,75,2,car_387
2.740.460.856.409.140,4,29.148.360.069.866.800,17.411.303.436.258.000,259.853.996.492.357,2.118.168.894.045.150,79,1,car_388
26.445.185.550.544.300,6,37.445.914.211.872.100,250.0,26.821.960.709.433.600,1.755.166.483.692.050,79,2,car_389
3.412.817.722.516.860,4,24.692.818.436.100.700,18.668.991.144.236.000,19.448.756.321.188.900,2.049.885.380.730.640,71,1,car_390
12.973.357.202.421.000,6,43.280.182.633.833.200,250.0,3.586.123.319.463.870,172.233.402.902.096,81,2,car_391
3.061.460.751.502.550,6,28.930.331.995.255.300,21.844.446.695.325.400,23.861.460.648.173.900,15.761.736.126.046.800,76,2,car_392
2.692.990.048.596.310,4,32.094.247.653.759.500,250.0,2.311.972.546.891.570,1.576.093.740.086.560,74,1,car_393
238.700.542.986.126,5,40.221.693.920.239.900,250.0,29.980.703.890.384.500,19.637.717.413.098.800,76,1,car_394
848.114.503.144.342,6,49.668.770.644.862.400,250.0,4.030.915.976.070.350,14.561.963.847.315.100,74,1,car_395
12.132.733.805.404.100,8,4.994.132.333.218.860,250.0,4.097.474.869.328.980,11.828.782.315.483.700,74,1,car_396
19.056.599.790.398.400,4,3.981.371.923.518.100,250.0,29.636.567.698.919.200,17.903.539.305.272.500,77,2,car_397